{
    "id": "4b32746d-a9d2-4a8c-9ad4-72624569244c",
    "width": 2175,
    "height": 2625,
    "gens": [
        {
            "id": "6772c6df-1c66-4cd4-8878-80fd240ebc12",
            "width": 76.1904761904762,
            "height": 57.14285714285714,
            "x": 38.0952380952381,
            "y": 28.57142857142857,
            "l": {
                "x": 208.61363726753407,
                "y": 196.62902685820353
            },
            "r": {
                "x": 284.80411345801025,
                "y": 253.77188400106067
            }
        },
        {
            "id": "02d93427-912b-4dc4-9ab3-cf19903d6dbd",
            "width": 19.04761904761905,
            "height": 57.14285714285714,
            "x": 86.09523809600415,
            "y": 28.57142857142857,
            "l": {
                "x": 285.1850658397287,
                "y": 196.62902685820353
            },
            "r": {
                "x": 304.2326848873478,
                "y": 253.77188400106067
            }
        },
        {
            "id": "90e53f83-c954-41ed-a38e-1c990f2406d6",
            "width": 114.28571428571429,
            "height": 152.38095238095238,
            "x": 57.142857142857146,
            "y": 133.99014778325247,
            "l": {
                "x": 208.61363726753407,
                "y": 254.4286984509798
            },
            "r": {
                "x": 322.8993515532484,
                "y": 406.80965083193223
            }
        }
    ],
    "drawInfo": {
        "outerRectHeight": 190.47619047619045,
        "outerRectWidth": 190.47619047619048,
        "widthToDraw": 828.5714285714287,
        "heightToDraw": 1000
    },
    "info": {
        "fitness": 0.8986979166576532,
        "chromosomeSquare": 297500,
        "freeSpace": 30137.369794348175,
        "time": 41817
    }
}